"0","m2$x"
"1","$options
"
"1","$options$crs
"
"1","$crsClass
"
"1","[1]"
"1"," ""L.CRS.EPSG3857"""
"1","
"
"1","
"
"1","$code
"
"1","NULL
"
"1","
"
"1","$proj4def
"
"1","NULL
"
"1","
"
"1","$projectedBounds
"
"1","NULL
"
"1","
"
"1","$options
"
"1","named "
"1","list()
"
"1","
"
"1","attr(,""class"")"
"1","
"
"1","[1]"
"1"," ""leaflet_crs"""
"1","
"
"1","
"
"1","
"
"1","$calls
"
"1","$calls[[1]]
"
"1","$calls[[1]]$method
"
"1","[1]"
"1"," ""addTiles"""
"1","
"
"1","
"
"1","$calls[[1]]$args
"
"1","$calls[[1]]$args[[1]]
"
"1","[1]"
"1"," ""https://{s}.tile.openstreetmap.org/{z}/{x}/{y}.png"""
"1","
"
"1","
"
"1","$calls[[1]]$args[[2]]
"
"1","NULL
"
"1","
"
"1","$calls[[1]]$args[[3]]
"
"1","NULL
"
"1","
"
"1","$calls[[1]]$args[[4]]
"
"1","$calls[[1]]$args[[4]]$minZoom
"
"1","[1]"
"1"," 0"
"1","
"
"1","
"
"1","$calls[[1]]$args[[4]]$maxZoom
"
"1","[1]"
"1"," 18"
"1","
"
"1","
"
"1","$calls[[1]]$args[[4]]$tileSize
"
"1","[1]"
"1"," 256"
"1","
"
"1","
"
"1","$calls[[1]]$args[[4]]$subdomains
"
"1","[1]"
"1"," ""abc"""
"1","
"
"1","
"
"1","$calls[[1]]$args[[4]]$errorTileUrl
"
"1","[1]"
"1"," """""
"1","
"
"1","
"
"1","$calls[[1]]$args[[4]]$tms
"
"1","[1]"
"1"," FALSE"
"1","
"
"1","
"
"1","$calls[[1]]$args[[4]]$noWrap
"
"1","[1]"
"1"," FALSE"
"1","
"
"1","
"
"1","$calls[[1]]$args[[4]]$zoomOffset
"
"1","[1]"
"1"," 0"
"1","
"
"1","
"
"1","$calls[[1]]$args[[4]]$zoomReverse
"
"1","[1]"
"1"," FALSE"
"1","
"
"1","
"
"1","$calls[[1]]$args[[4]]$opacity
"
"1","[1]"
"1"," 1"
"1","
"
"1","
"
"1","$calls[[1]]$args[[4]]$zIndex
"
"1","[1]"
"1"," 1"
"1","
"
"1","
"
"1","$calls[[1]]$args[[4]]$detectRetina
"
"1","[1]"
"1"," FALSE"
"1","
"
"1","
"
"1","$calls[[1]]$args[[4]]$attribution
"
"1","[1]"
"1"," ""&copy; <a href=\""https://openstreetmap.org/copyright/\"">OpenStreetMap</a>,  <a href=\""https://opendatacommons.org/licenses/odbl/\"">ODbL</a>"""
"1","
"
"1","
"
"1","
"
"1","
"
"1","
"
"1","
"
"1","attr(,""leafletData"")"
"1","
"
